Workbook

Sheet items
A1: Ítems del llamado MANTENIMIENTO Y REPARACION DE EQUIPOS DE REFRIGERACION - AD REFERENDUM 2024 con ID: 439923
A2: LoteTotal, Contrato Abierto: por Monto. Mínimo: 35.645.000 Máximo: 71.290.000 , Abastecimiento simultáneo: No
A3: Ítem | B3: Código Catálogo | C3: Descripción del Bien | D3: Unidad de Medida | E3: Presentación | F3: Cantidad | G3: Monto Mínimo | H3: Monto Máximo | I3: Precio unitario (IVA incluído) | J3: Precio total
A4: 1 | B4: 72102305-001 | C4: CARGA DE GAS REFRIGERANTE POR LITRO PARA A.A TIPO SPLIT DE 12.000 BTU MARCA: RBD- TOKYO, MIDEA, VCP, CHUNLAN, GOTZE, MATSUI, SPRINGER, MIDAS, CONSUL, CARRIER | D4: Litros | E4: EVENTO | F4: 1 | I4: =ROUND(reporte!F2*L4/100,0) -> 78305 | J4: =F4*I4 -> 78305 | L4: 73 | O4: =reporte!F2 -> 107267 | P4: =O4/$O$216 -> 0.0048726489 | Q4: =IF(P4>0.009,"ALTO"," ")
A5: 2 | B5: 80111613-9999 | C5: Mano de Obra | D5: Unidad | E5: EVENTO | F5: 1 | I5: =ROUND(reporte!F3*L5/100,0) -> 27874 | J5: =F5*I5 -> 27874 | L5: 74 | O5: =reporte!F3 -> 37667 | P5: =O5/$O$216 -> 0.0017110394 | Q5: =IF(P5>0.009,"ALTO"," ")
A6: 3 | B6: 72102305-001 | C6: SOLDADURA POR PERDIDA DE GAS A.A TIPO SPLIT DE 12.000 BTU MARCA: RBD- TOKYO, MIDEA, VCP, CHUNLAN, GOTZE, MATSUI, SPRINGER, MIDAS, CONSUL, CARRIER. | D6: Unidad | E6: EVENTO | F6: 1 | I6: =ROUND(reporte!F4*L6/100,0) -> 70488 | J6: =F6*I6 -> 70488 | L6: 72 | O6: =reporte!F4 -> 97900 | P6: =O6/$O$216 -> 0.004447149 | Q6: =IF(P6>0.009,"ALTO"," ")
A7: 4 | B7: 80111613-9999 | C7: Mano de Obra | D7: Unidad | E7: EVENTO | F7: 1 | I7: =ROUND(reporte!F5*L7/100,0) -> 35050 | J7: =F7*I7 -> 35050 | L7: 79 | O7: =reporte!F5 -> 44367 | P7: =O7/$O$216 -> 0.0020153898 | Q7: =IF(P7>0.009,"ALTO"," ")
A8: 5 | B8: 72102305-001 | C8: REBOBINADO DEL MOTOR VENTILADOR A.A TIPO SPLIT DE 12.000 BTU MARCA: RBD- TOKYO, MIDEA, VCP, CHUNLAN, GOTZE, MATSUI, SPRINGER, MIDAS, CONSUL, CARRIER. | D8: Unidad | E8: EVENTO | F8: 1 | I8: =ROUND(reporte!F6*L8/100,0) -> 87600 | J8: =F8*I8 -> 87600 | L8: 72 | O8: =reporte!F6 -> 121667 | P8: =O8/$O$216 -> 0.005526775 | Q8: =IF(P8>0.009,"ALTO"," ")
A9: 6 | B9: 80111613-9999 | C9: Mano de Obra | D9: Unidad | E9: EVENTO | F9: 1 | I9: =ROUND(reporte!F7*L9/100,0) -> 31440 | J9: =F9*I9 -> 31440 | L9: 72 | O9: =reporte!F7 -> 43667 | P9: =O9/$O$216 -> 0.001983592 | Q9: =IF(P9>0.009,"ALTO"," ")
A10: 7 | B10: 72102305-001 | C10: CAMBIO DE MOTOR COMPRESOR A.A TIPO SPLIT DE 12.000 BTU MARCA: RBD- TOKYO, MIDEA, VCP, CHUNLAN, GOTZE, MATSUI, SPRINGER, MIDAS, CONSUL, CARRIER. | D10: Unidad | E10: EVENTO | F10: 1 | I10: =ROUND(reporte!F8*L10/100,0) -> 105000 | J10: =F10*I10 -> 105000 | L10: 20 | O10: =reporte!F8 -> 525000 | P10: =O10/$O$216 -> 0.023848347 | Q10: =IF(P10>0.009,"ALTO"," ") -> ALTO
A11: 8 | B11: 80111613-9999 | C11: Mano de Obra | D11: Unidad | E11: EVENTO | F11: 1 | I11: =ROUND(reporte!F9*L11/100,0) -> 80733 | J11: =F11*I11 -> 80733 | L11: 70 | O11: =reporte!F9 -> 115333 | P11: =O11/$O$216 -> 0.0052390504 | Q11: =IF(P11>0.009,"ALTO"," ")
A12: 9 | B12: 72102305-001 | C12: CAMBIO DE MOTOR VENTILADOR A.A TIPO SPLIT DE 12.000 BTU MARCA: RBD- TOKYO, MIDEA, VCP, CHUNLAN, GOTZE, MATSUI, SPRINGER, MIDAS, CONSUL, CARRIER. | D12: Unidad | E12: EVENTO | F12: 1 | I12: =ROUND(reporte!F10*L12/100,0) -> 104208 | J12: =F12*I12 -> 104208 | L12: 78 | O12: =reporte!F10 -> 133600 | P12: =O12/$O$216 -> 0.0060688366 | Q12: =IF(P12>0.009,"ALTO"," ")
A13: 10 | B13: 80111613-9999 | C13: Mano de Obra | D13: Unidad | E13: EVENTO | F13: 1 | I13: =ROUND(reporte!F11*L13/100,0) -> 52876 | J13: =F13*I13 -> 52876 | L13: 73 | O13: =reporte!F11 -> 72433 | P13: =O13/$O$216 -> 0.0032902997 | Q13: =IF(P13>0.009,"ALTO"," ")
A14: 11 | B14: 72102305-001 | C14: CAMBIO DE IRRADIADOR DE CALOR A.A TIPO SPLIT DE 12.000 BTU MARCA: RBD- TOKYO, MIDEA, VCP, CHUNLAN, GOTZE, MATSUI, SPRINGER, MIDAS, CONSUL, CARRIER. | D14: Unidad | E14: EVENTO | F14: 1 | I14: =ROUND(reporte!F12*L14/100,0) -> 50375 | J14: =F14*I14 -> 50375 | L14: 75 | O14: =reporte!F12 -> 67167 | P14: =O14/$O$216 -> 0.0030510894 | Q14: =IF(P14>0.009,"ALTO"," ")
A15: 12 | B15: 80111613-9999 | C15: Mano de Obra | D15: Unidad | E15: EVENTO | F15: 1 | I15: =ROUND(reporte!F13*L15/100,0) -> 25700 | J15: =F15*I15 -> 25700 | L15: 75 | O15: =reporte!F13 -> 34267 | P15: =O15/$O$216 -> 0.001556593 | Q15: =IF(P15>0.009,"ALTO"," ")
... A215: 212 | B215: 80111613-9999 | C215: Mano de Obra | D215: Unidad | E215: EVENTO | F215: 1 | I215: =ROUND(reporte!F213*L215/100,0) -> 42397 | J215: =F215*I215 -> 42397 | L215: 79 | O215: =reporte!F213 -> 53667 | P215: =O215/$O$216 -> 0.0024378462 | Q215: =IF(P215>0.009,"ALTO"," ")
I216: Precio Total | J216: =SUM(J4:J215) -> 12806193 | L216: =J216/O216 -> 0.58172674 | O216: =SUM(O4:O215) -> 22014104 | P216: =O216/$O$216 -> 1 | Q216: =IF(P216>0.009,"ALTO"," ") -> ALTO
B222: Firma
B223: Nombre: | C223: OLGA BELEN SILVA RUIZ.
B224: En calidad de: | C224: REPRESENTANTE LEGAL DE LA FIRMA IBL INGENIERIA SRL.

Sheet reporte
A1: id | B1: numero | C1: producto_codigo | D1: producto_nombre_catalogo | E1: producto_nombre_convocante | F1: precio_unitario_estimado | G1: cantidad_minima | H1: cantidad | I1: monto_minimo | J1: monto | K1: _moneda | L1: moneda | M1: _unidad_medida | N1: unidad_medida | O1: _presentacion | P1: presentacion | Q1: zona | R1: _contrato_abierto | S1: contrato_abierto | T1: abastecimiento_simultaneo | U1: sub_items | V1: plantilla | W1: estado_impugnacion
A2: fUzQG7TRI5Vg3mM07iELNw%3D%3D | B2: 1 | C2: 72102305-001 | D2: Mantenimiento / Reparacion de aire acondicionado | E2: CARGA DE GAS REFRIGERANTE POR LITRO PARA A.A TIPO SPLIT DE 12.000 BTU MARCA: RBD- TOKYO, MIDEA, VCP, CHUNLAN, GOTZE, MATSUI, SPRINGER, MIDAS, CONSUL, CARRIER | F2: 107267 | G2: _NO_APLICA_ | H2: _NO_APLICA_ | K2: PYG | L2: Guaraníes | M2: LT | N2: Litros | O2: EVE | P2: EVENTO | Q2: _NO_APLICA_ | R2: M | S2: Por monto
A3: rdgqsMOepipg3mM07iELNw%3D%3D | B3: 2 | C3: 80111613-9999 | D3: Mano de Obra - Mantenimiento y/o reparación | E3: Mano de Obra | F3: 37667 | G3: _NO_APLICA_ | H3: _NO_APLICA_ | K3: PYG | L3: Guaraníes | M3: UNI | N3: Unidad | O3: EVE | P3: EVENTO | Q3: _NO_APLICA_ | R3: M | S3: Por monto
A4: rxuoAOxjM7Rg3mM07iELNw%3D%3D | B4: 3 | C4: 72102305-001 | D4: Mantenimiento / Reparacion de aire acondicionado | E4: SOLDADURA POR PERDIDA DE GAS A.A TIPO SPLIT DE 12.000 BTU MARCA: RBD- TOKYO, MIDEA, VCP, CHUNLAN, GOTZE, MATSUI, SPRINGER, MIDAS, CONSUL, CARRIER. | F4: 97900 | G4: _NO_APLICA_ | H4: _NO_APLICA_ | K4: PYG | L4: Guaraníes | M4: UNI | N4: Unidad | O4: EVE | P4: EVENTO | Q4: _NO_APLICA_ | R4: M | S4: Por monto
A5: 29C6f4efPx5g3mM07iELNw%3D%3D | B5: 4 | C5: 80111613-9999 | D5: Mano de Obra - Mantenimiento y/o reparación | E5: Mano de Obra | F5: 44367 | G5: _NO_APLICA_ | H5: _NO_APLICA_ | K5: PYG | L5: Guaraníes | M5: UNI | N5: Unidad | O5: EVE | P5: EVENTO | Q5: _NO_APLICA_ | R5: M | S5: Por monto
A6: jPf0scbHhRZg3mM07iELNw%3D%3D | B6: 5 | C6: 72102305-001 | D6: Mantenimiento / Reparacion de aire acondicionado | E6: REBOBINADO DEL MOTOR VENTILADOR A.A TIPO SPLIT DE 12.000 BTU MARCA: RBD- TOKYO, MIDEA, VCP, CHUNLAN, GOTZE, MATSUI, SPRINGER, MIDAS, CONSUL, CARRIER. | F6: 121667 | G6: _NO_APLICA_ | H6: _NO_APLICA_ | K6: PYG | L6: Guaraníes | M6: UNI | N6: Unidad | O6: EVE | P6: EVENTO | Q6: _NO_APLICA_ | R6: M | S6: Por monto
A7: anI6J6JnrOFg3mM07iELNw%3D%3D | B7: 6 | C7: 80111613-9999 | D7: Mano de Obra - Mantenimiento y/o reparación | E7: Mano de Obra | F7: 43667 | G7: _NO_APLICA_ | H7: _NO_APLICA_ | K7: PYG | L7: Guaraníes | M7: UNI | N7: Unidad | O7: EVE | P7: EVENTO | Q7: _NO_APLICA_ | R7: M | S7: Por monto
A8: tRoJe91KQuNg3mM07iELNw%3D%3D | B8: 7 | C8: 72102305-001 | D8: Mantenimiento / Reparacion de aire acondicionado | E8: CAMBIO DE MOTOR COMPRESOR A.A TIPO SPLIT DE 12.000 BTU MARCA: RBD- TOKYO, MIDEA, VCP, CHUNLAN, GOTZE, MATSUI, SPRINGER, MIDAS, CONSUL, CARRIER. | F8: 525000 | G8: _NO_APLICA_ | H8: _NO_APLICA_ | K8: PYG | L8: Guaraníes | M8: UNI | N8: Unidad | O8: EVE | P8: EVENTO | Q8: _NO_APLICA_ | R8: M | S8: Por monto
A9: um3fFU0D0iZg3mM07iELNw%3D%3D | B9: 8 | C9: 80111613-9999 | D9: Mano de Obra - Mantenimiento y/o reparación | E9: Mano de Obra | F9: 115333 | G9: _NO_APLICA_ | H9: _NO_APLICA_ | K9: PYG | L9: Guaraníes | M9: UNI | N9: Unidad | O9: EVE | P9: EVENTO | Q9: _NO_APLICA_ | R9: M | S9: Por monto
A10: p7tFJTiBrpBg3mM07iELNw%3D%3D | B10: 9 | C10: 72102305-001 | D10: Mantenimiento / Reparacion de aire acondicionado | E10: CAMBIO DE MOTOR VENTILADOR A.A TIPO SPLIT DE 12.000 BTU MARCA: RBD- TOKYO, MIDEA, VCP, CHUNLAN, GOTZE, MATSUI, SPRINGER, MIDAS, CONSUL, CARRIER. | F10: 133600 | G10: _NO_APLICA_ | H10: _NO_APLICA_ | K10: PYG | L10: Guaraníes | M10: UNI | N10: Unidad | O10: EVE | P10: EVENTO | Q10: _NO_APLICA_ | R10: M | S10: Por monto
A11: 7HI4OdwYs2Rg3mM07iELNw%3D%3D | B11: 10 | C11: 80111613-9999 | D11: Mano de Obra - Mantenimiento y/o reparación | E11: Mano de Obra | F11: 72433 | G11: _NO_APLICA_ | H11: _NO_APLICA_ | K11: PYG | L11: Guaraníes | M11: UNI | N11: Unidad | O11: EVE | P11: EVENTO | Q11: _NO_APLICA_ | R11: M | S11: Por monto
A12: oPXCLfLEM1dg3mM07iELNw%3D%3D | B12: 11 | C12: 72102305-001 | D12: Mantenimiento / Reparacion de aire acondicionado | E12: CAMBIO DE IRRADIADOR DE CALOR A.A TIPO SPLIT DE 12.000 BTU MARCA: RBD- TOKYO, MIDEA, VCP, CHUNLAN, GOTZE, MATSUI, SPRINGER, MIDAS, CONSUL, CARRIER. | F12: 67167 | G12: _NO_APLICA_ | H12: _NO_APLICA_ | K12: PYG | L12: Guaraníes | M12: UNI | N12: Unidad | O12: EVE | P12: EVENTO | Q12: _NO_APLICA_ | R12: M | S12: Por monto
A13: Afdt5kyexc9g3mM07iELNw%3D%3D | B13: 12 | C13: 80111613-9999 | D13: Mano de Obra - Mantenimiento y/o reparación | E13: Mano de Obra | F13: 34267 | G13: _NO_APLICA_ | H13: _NO_APLICA_ | K13: PYG | L13: Guaraníes | M13: UNI | N13: Unidad | O13: EVE | P13: EVENTO | Q13: _NO_APLICA_ | R13: M | S13: Por monto
... A213: CVPG5NaDebVg3mM07iELNw%3D%3D | B213: 212 | C213: 80111613-9999 | D213: Mano de Obra - Mantenimiento y/o reparación | E213: Mano de Obra | F213: 53667 | G213: _NO_APLICA_ | H213: _NO_APLICA_ | K213: PYG | L213: Guaraníes | M213: UNI | N213: Unidad | O213: EVE | P213: EVENTO | Q213: _NO_APLICA_ | R213: M | S213: Por monto
F214: =SUM(F2:F213) -> 22014104
